AcGFP1	7	10, 13, 76, 214, 370, 433, 538, 664
Azami-Green	6	10, 13, 82, 289, 406, 487, 565
Azurite_BFP	7	10, 52, 430, 496, 589, 661, 706, 715
BFP	6	10, 13, 43, 370, 538, 664, 709
CFP	7	10, 13, 43, 97, 370, 538, 664, 709
Citrine	6	10, 13, 43, 370, 538, 664, 709
Clover	6	10, 13, 43, 370, 538, 664, 709
CopGFP	9	10, 58, 109, 142, 385, 424, 442, 460, 529, 580
CyOFP1	12	10, 13, 46, 76, 154, 157, 223, 301, 304, 391, 514, 664, 694
CyPet	6	10, 430, 592, 661, 667, 706, 715
CyPet_(humanized)	8	10, 13, 76, 244, 289, 346, 370, 664, 667
CyRFP1	11	10, 13, 46, 76, 154, 157, 223, 301, 304, 514, 664, 694
Cycle_3_GFP	1	10, 709
Dendra2	10	10, 46, 52, 64, 76, 301, 466, 499, 568, 571, 664
Dronpa-Green1	7	10, 13, 130, 289, 406, 454, 487, 565
Dronpa-Green3	6	10, 13, 130, 289, 406, 454, 565
DsRed-Express	9	10, 43, 61, 73, 226, 295, 298, 319, 322, 640
DsRed-Express2	9	10, 61, 73, 226, 295, 298, 319, 322, 637, 640
DsRed-Max	8	10, 61, 73, 295, 298, 319, 322, 637, 640
DsRed-Monomer	11	10, 43, 61, 73, 226, 298, 319, 322, 475, 568, 637, 640
DsRed.T3	9	10, 43, 61, 73, 226, 295, 298, 319, 322, 640
DsRed1	11	10, 13, 46, 64, 76, 142, 229, 298, 301, 322, 325, 643
DsRed2	8	10, 61, 73, 139, 226, 295, 298, 319, 640
E2-Crimson	10	10, 61, 73, 103, 295, 298, 319, 322, 496, 637, 640
E2-Orange	9	10, 61, 73, 226, 295, 298, 319, 322, 637, 640
E2-Red_Green	9	10, 61, 73, 226, 295, 298, 319, 322, 637, 640
EBFP	6	10, 13, 43, 370, 538, 664, 709
EBFP2	8	10, 13, 43, 214, 370, 538, 628, 664, 709
ECFP	6	10, 13, 43, 370, 538, 664, 709
EGFP	6	10, 13, 43, 370, 538, 664, 709
EYFP	6	10, 13, 43, 370, 538, 664, 709
Emerald_GFP	6	10, 13, 43, 370, 538, 664, 709
EosFP	7	10, 79, 127, 286, 403, 451, 484, 583
Fast-FT	11	10, 13, 37, 88, 241, 310, 313, 334, 337, 388, 583, 655
Fluorescent_Timer	10	10, 13, 46, 64, 76, 142, 229, 298, 301, 322, 643
FusionRed	9	10, 13, 37, 43, 67, 133, 382, 490, 658, 664
GFP	3	10, 430, 661, 706
GFPuv	1	10, 706
HcRed1	11	10, 13, 37, 67, 145, 220, 373, 448, 469, 490, 559, 658
IFP1.1	8	10, 169, 211, 439, 703, 784, 814, 841, 961
IFP1.4	9	10, 169, 211, 439, 592, 703, 784, 814, 841, 976
IFP2.0	10	10, 160, 352, 439, 526, 529, 592, 703, 784, 814, 841
Kaede	7	10, 13, 130, 292, 406, 454, 487, 568
Katushka2S	9	10, 13, 28, 52, 76, 142, 457, 499, 667, 673
KikGR1	10	10, 13, 52, 82, 130, 289, 415, 463, 496, 574, 604
KillerRed	4	10, 325, 364, 382, 460
Kohinoor	6	10, 16, 127, 286, 403, 451, 562
Kusabira-Orange	7	10, 13, 40, 130, 166, 295, 412, 493
LSSmKate1	9	10, 34, 40, 64, 130, 142, 445, 502, 655, 661
LSSmKate2	8	10, 34, 40, 64, 130, 142, 445, 655, 661
LSSmOrange	14	10, 13, 37, 58, 76, 88, 205, 241, 310, 313, 334, 337, 388, 583, 655
LanYFP	8	10, 73, 76, 241, 358, 394, 427, 436, 661
Medium-FT	10	10, 37, 58, 88, 241, 310, 313, 334, 337, 388, 583
MiCy	6	10, 13, 64, 139, 424, 499, 583
PA-GFP	6	10, 13, 43, 370, 538, 664, 709
PA-TagRFP	8	10, 34, 40, 64, 130, 142, 487, 655, 661
PAmCherry	13	10, 13, 37, 58, 76, 88, 310, 313, 334, 337, 388, 517, 583, 655
PAmCherry1	14	10, 13, 37, 58, 76, 88, 220, 310, 313, 334, 337, 388, 517, 583, 655
PAmKate	10	10, 13, 46, 52, 76, 142, 154, 457, 499, 667, 673
PS-CFP2	7	10, 73, 211, 367, 430, 496, 535, 661
PSmOrange	15	10, 13, 37, 58, 76, 88, 241, 310, 313, 334, 337, 388, 394, 511, 583, 655
PSmOrange2	15	10, 13, 37, 58, 76, 88, 241, 310, 313, 334, 337, 388, 394, 511, 583, 655
Rhacostoma_GFP	5	10, 34, 64, 385, 664, 670
Slow-FT	14	10, 13, 37, 58, 76, 88, 112, 241, 310, 313, 334, 337, 388, 583, 655
TDsmURFP	1	10, 472
TagBFP	8	10, 34, 40, 64, 130, 142, 487, 655, 661
TagCFP	6	10, 73, 247, 367, 430, 535, 586
TagGFP2	6	10, 73, 247, 367, 535, 586, 661
TagRFP	10	10, 13, 46, 52, 76, 142, 154, 457, 499, 667, 673
TagRFP-T	10	10, 13, 46, 52, 76, 142, 154, 457, 499, 667, 673
TagRFP657	6	10, 40, 64, 142, 445, 655, 661
TagYFP	5	10, 76, 370, 538, 589, 664
TurboFP602	8	10, 13, 52, 76, 142, 457, 499, 667, 673
TurboFP635	9	10, 13, 28, 52, 76, 142, 457, 499, 667, 673
TurboGFP	10	10, 94, 130, 196, 316, 358, 406, 463, 550, 601, 655
TurboRFP	8	10, 34, 40, 64, 130, 445, 487, 655, 661
TurboYFP	10	10, 73, 190, 358, 409, 541, 610, 622, 640, 679, 688
YFP	6	10, 13, 43, 370, 538, 664, 709
YPet	7	10, 52, 430, 589, 661, 667, 706, 715
YPet_(humanized)	12	10, 13, 43, 58, 76, 214, 244, 289, 346, 370, 538, 664, 667
ZsGreen	7	10, 43, 91, 169, 421, 490, 508, 697
ZsGreen1	12	10, 49, 73, 169, 190, 319, 367, 472, 490, 502, 508, 538, 577
ZsYellow1	11	10, 43, 49, 73, 247, 319, 346, 466, 472, 502, 508, 577
d1EGFP	8	10, 13, 43, 370, 538, 664, 709, 808, 850
d2ECFP	8	10, 13, 43, 370, 538, 664, 709, 808, 850
d2EGFP	8	10, 13, 43, 370, 538, 664, 709, 808, 850
d2EYFP	8	10, 13, 43, 370, 538, 664, 709, 808, 850
d4EGFP	8	10, 13, 43, 370, 538, 664, 709, 808, 850
dKeima-Red	8	10, 13, 52, 289, 406, 466, 487, 520, 559
dKeima570	8	10, 13, 52, 289, 406, 466, 487, 520, 559
dTomato	10	10, 13, 64, 76, 229, 298, 301, 325, 331, 382, 643
daGFP	7	10, 91, 325, 421, 433, 499, 670, 688
ecliptic_pHluorin	4	10, 430, 466, 661, 706
hKO	12	10, 13, 40, 64, 85, 130, 142, 148, 166, 379, 487, 493, 652
hKikGR1	18	10, 13, 52, 64, 130, 142, 217, 238, 289, 388, 430, 463, 475, 490, 496, 565, 568, 604, 640
hMGFP	8	10, 16, 61, 127, 139, 286, 361, 460, 493
hdKeima-Red	9	10, 13, 52, 130, 289, 310, 466, 559, 601, 631
hdKeima570	9	10, 13, 52, 130, 289, 310, 466, 559, 601, 631
hmAzami-Green	12	10, 13, 64, 142, 289, 454, 466, 481, 487, 559, 631, 652, 667
hmKO	9	10, 13, 40, 52, 130, 166, 196, 487, 493, 652
hmKO2	10	10, 13, 40, 52, 130, 166, 196, 487, 493, 574, 652
hmKeima-Red	7	10, 13, 52, 64, 130, 289, 310, 559
hmKeima8.5	8	10, 13, 52, 64, 130, 280, 289, 310, 559
hmKikGR1	17	10, 13, 52, 64, 130, 142, 217, 238, 289, 430, 463, 475, 490, 496, 565, 568, 604, 640
hmMiCy1	10	10, 13, 76, 328, 472, 499, 577, 583, 616, 655, 685
hmUkG1	11	10, 13, 34, 64, 289, 337, 445, 454, 487, 556, 559, 652
hrGFP	15	10, 13, 55, 67, 85, 97, 163, 334, 376, 475, 502, 511, 577, 580, 634, 652
iRFP670	2	10, 454, 862
iRFP682	3	10, 46, 451, 850
iRFP702	2	10, 454, 862
iRFP713	3	10, 46, 451, 850
iRFP720	3	10, 46, 451, 850
mAmetrine	9	10, 13, 43, 346, 370, 445, 451, 538, 664, 709
mAmetrine1.1	10	10, 13, 43, 97, 175, 346, 370, 445, 538, 664, 709
mApple	11	10, 13, 37, 58, 76, 88, 310, 313, 373, 472, 583, 655
mAzami-Green	7	10, 13, 82, 289, 406, 466, 487, 565
mCardinal	10	10, 13, 46, 52, 76, 154, 157, 364, 499, 667, 673
mCerulean	6	10, 13, 43, 370, 538, 664, 709
mCherry	13	10, 13, 37, 58, 76, 88, 241, 310, 313, 334, 337, 388, 583, 655
mCherry2	13	10, 13, 37, 58, 76, 88, 241, 310, 313, 334, 337, 388, 583, 655
mClavGR2	10	10, 13, 37, 43, 88, 313, 478, 505, 511, 658, 679
mClover2	6	10, 13, 43, 370, 538, 664, 709
mClover3	6	10, 13, 43, 370, 538, 664, 709
mCyRFP1	10	10, 13, 46, 76, 154, 157, 223, 301, 304, 664, 694
mECFP	6	10, 13, 43, 370, 538, 664, 709
mEGFP	6	10, 13, 43, 370, 538, 664, 709
mEYFP	6	10, 13, 43, 370, 538, 664, 709
mEmerald	6	10, 13, 43, 370, 538, 664, 709
mEos2	7	10, 79, 127, 286, 403, 451, 484, 583
mEos3.2	9	10, 79, 127, 286, 403, 451, 484, 490, 493, 583
mEos4a	8	10, 52, 82, 130, 289, 406, 454, 487, 586
mEos4b	12	10, 13, 52, 82, 130, 217, 289, 406, 454, 487, 493, 496, 586
mHoneydew	12	10, 13, 46, 64, 76, 229, 298, 301, 322, 325, 376, 499, 643
mIFP	5	10, 121, 139, 142, 727, 817
mKO	8	10, 13, 40, 52, 130, 166, 295, 412, 493
mKO2	9	10, 13, 40, 52, 130, 166, 295, 412, 493, 574
mKalama1	9	10, 13, 43, 370, 382, 445, 538, 625, 664, 709
mKate2	8	10, 13, 37, 43, 67, 133, 490, 658, 664
mKeima-Red	8	10, 13, 52, 289, 406, 466, 487, 520, 559
mKikGR1	10	10, 13, 52, 82, 130, 289, 415, 463, 496, 574, 604
mMaple	10	10, 13, 37, 43, 88, 313, 478, 505, 511, 658, 679
mMaroon1	7	10, 13, 46, 154, 157, 514, 667, 673
mMiCy1	5	10, 13, 64, 424, 499, 583
mNectarine	14	10, 13, 37, 58, 76, 88, 241, 310, 313, 334, 337, 388, 508, 583, 655
mNeonGreen	8	10, 13, 37, 103, 106, 271, 388, 424, 691
mNeptune	7	10, 13, 46, 52, 76, 499, 667, 673
mNeptune2	8	10, 13, 46, 52, 76, 364, 499, 667, 673
mNeptune2.5	9	10, 13, 46, 76, 154, 157, 364, 499, 667, 673
mOrange	14	10, 13, 37, 58, 76, 88, 241, 310, 313, 334, 337, 388, 511, 583, 655
mOrange2	14	10, 13, 37, 58, 76, 88, 241, 310, 313, 334, 337, 388, 511, 583, 655
mPapaya1	6	10, 13, 58, 64, 76, 481, 523
mPlum	15	10, 13, 46, 64, 76, 154, 229, 298, 301, 322, 325, 376, 382, 493, 499, 643
mRFP1	11	10, 43, 61, 73, 226, 295, 298, 319, 322, 373, 496, 640
mRaspberry	13	10, 13, 46, 64, 76, 229, 298, 301, 322, 325, 376, 493, 499, 643
mRuby	17	10, 46, 49, 64, 115, 130, 142, 286, 310, 379, 445, 487, 532, 574, 634, 640, 643, 661
mRuby2	12	10, 13, 46, 52, 64, 127, 142, 334, 418, 457, 499, 586, 703
mRuby3	9	10, 13, 46, 52, 64, 142, 418, 457, 586, 703
mScarlet	14	10, 13, 31, 46, 58, 64, 76, 298, 301, 325, 478, 499, 571, 640, 643
mScarlet-H	13	10, 13, 31, 46, 58, 64, 76, 298, 301, 325, 478, 571, 640, 643
mScarlet-I	14	10, 13, 31, 46, 58, 64, 76, 298, 301, 325, 478, 499, 571, 640, 643
mTFP1	10	10, 13, 37, 88, 313, 337, 343, 478, 583, 655, 676
mTagBFP2	9	10, 13, 46, 52, 76, 142, 154, 499, 667, 673
mTangerine	12	10, 13, 46, 64, 76, 229, 298, 301, 322, 325, 376, 499, 643
mTurquoise	6	10, 13, 43, 370, 538, 664, 709
mTurquoise2	6	10, 13, 43, 370, 538, 664, 709
mUkG1	9	10, 13, 82, 289, 337, 406, 454, 472, 487, 565
mVenus	6	10, 13, 43, 370, 538, 664, 709
mWasabi	11	10, 13, 37, 88, 313, 337, 343, 478, 511, 583, 655, 676
mgfp5	3	10, 286, 661, 706
miRFP670	6	10, 334, 514, 565, 733, 796, 823
miRFP703	7	10, 334, 514, 565, 622, 733, 796, 823
miRFP709	6	10, 334, 514, 565, 733, 796, 823
miniSOG	3	10, 25, 166, 211
mseCFP	7	10, 13, 43, 97, 370, 538, 664, 709
pHTomato	13	10, 13, 37, 58, 76, 88, 241, 310, 313, 334, 337, 388, 511, 655
pHuji	12	10, 13, 37, 58, 76, 88, 310, 313, 373, 472, 583, 619, 655
ratiometric_pHluorin	5	10, 430, 457, 466, 661, 706
rsEGFP	6	10, 13, 43, 370, 538, 664, 709
rsEGFP2	6	10, 13, 43, 370, 538, 664, 709
rsTagRFP	10	10, 13, 46, 52, 76, 142, 154, 457, 499, 667, 673
smURFP	0	10
super-ecliptic_pHluorin	4	10, 430, 466, 661, 706
superfolder_GFP	1	10, 706
tdTomato	20	10, 13, 64, 76, 229, 298, 301, 325, 331, 382, 643, 751, 790, 802, 955, 1024, 1027, 1051, 1057, 1108, 1369
yeGFP	7	10, 52, 430, 589, 661, 667, 706, 715
